SCHEME,0,ID_SCHEME,NAME_SCHEME,DESCRIPTION_SCHEME,,,,
SCHEME,1,RIO HONDO_SCHEME,RIO HONDO_SCHEME,TIGRIS FISR,,,,
SCHEME,1,CITRUS_SCHEME,CITRUS_SCHEME,PINEAPPLE FISR,,,,
SCHEME,1,RIO HONDO_SCHEME,RIO HONDO_SCHEME,POWDER FISR,,,,
SCHEME,1,PORTERVILLE_SCHEME,PORTERVILLE_SCHEME,WORTH FISR,,,,
SCHEME,1,SAVAGE_SCHEME,SAVAGE_SCHEME,PYRAMID FISR,,,,
SCHEME,1,SAVAGE_SCHEME,SAVAGE_SCHEME,LORENE FISR,,,,
SCHEME,1,BLISS_SCHEME,BLISS_SCHEME,ABBEY FISR,,,,
SCHEME,1,NARROWS_SCHEME,NARROWS_SCHEME,JULEP FISR,,,,
SCHEME,1,NARROWS_SCHEME,NARROWS_SCHEME,ASTON FISR,,,,
SCHEME,1,SAVAGE_SCHEME,SAVAGE_SCHEME,FRONTAGE FISR,,,,
SCHEME,1,CITRUS_SCHEME,CITRUS_SCHEME,KUMQUAT FISR,,,,
SCHEME,1,ALHAMBRA_SCHEME,ALHAMBRA_SCHEME,HOOVER FISR,,,,
SCHEME,1,PORTERVILLE_SCHEME,PORTERVILLE_SCHEME,TEAPOT FISR,,,,
SCHEME,1,PORTERVILLE_SCHEME,PORTERVILLE_SCHEME,BURTON FISR,,,,
SCHEME,1,LINDSAY_SCHEME,LINDSAY_SCHEME,BURR FISR,,,,
SCHEME,1,VICTOR_SCHEME,VICTOR_SCHEME,ZASADNI FISR,,,,
SCHEME,1,RIO HONDO_SCHEME,RIO HONDO_SCHEME,WASH FISR,,,,
SCHEME,1,BLISS_SCHEME,BLISS_SCHEME,STURGEON FISR,,,,
SCHEME,1,TIPTON_SCHEME,TIPTON_SCHEME,COOPER FISR,,,,
SCHEME,1,AQUEDUCT_SCHEME,AQUEDUCT_SCHEME,SLUICE FISR,,,,
SCHEME,1,ROSEMEAD_SCHEME,ROSEMEAD_SCHEME,CLAYTON FISR,,,,
SCHEME,1,QUINN_SCHEME,QUINN_SCHEME,JASMINE FISR,,,,
SCHEME,1,VICTOR_SCHEME,VICTOR_SCHEME,COALINGA FISR,,,,
SCHEME,1,PORTERVILLE_SCHEME,PORTERVILLE_SCHEME,DRAG FISR,,,,
SCHEME,1,APPLE VALLEY_SCHEME,APPLE VALLEY_SCHEME,PAHUTE FISR,,,,
SCHEME,1,RIO HONDO_SCHEME,RIO HONDO_SCHEME,PECOS FISR,,,,
SCHEME,1,EARLIMART_SCHEME,EARLIMART_SCHEME,WESTON FISR,,,,
SCHEME,1,ROSEMEAD_SCHEME,ROSEMEAD_SCHEME,HONOR FISR,,,,
SCHEME,1,SAVAGE_SCHEME,SAVAGE_SCHEME,HATCHERY FISR,,,,
SCHEME,1,VICTOR_SCHEME,VICTOR_SCHEME,GOSS FISR,,,,
SCHEME,1,LINDSAY_SCHEME,LINDSAY_SCHEME,BOOSTER FISR,,,,
SCHEME,1,SAVAGE_SCHEME,SAVAGE_SCHEME,MIRROR FISR,,,,
SCHEME,1,HESPERIA_SCHEME,HESPERIA_SCHEME,BALSAM FISR,,,,
SCHEME,1,VICTOR_SCHEME,VICTOR_SCHEME,LATIMER FISR,,,,
SCHEME,1,AQUEDUCT_SCHEME,AQUEDUCT_SCHEME,WATERWAY FISR,,,,
SCHEME,1,VICTOR_SCHEME,VICTOR_SCHEME,PORTLAND FISR,,,,
SCHEME,1,VICTOR_SCHEME,VICTOR_SCHEME,OLD TRAILS FISR,,,,
SCHEME,1,VICTOR_SCHEME,VICTOR_SCHEME,OUTPOST FISR,,,,
SCHEME,1,DOWNS_SCHEME,DOWNS_SCHEME,BOWMAN FISR,,,,
SCHEME,1,PIXLEY_SCHEME,PIXLEY_SCHEME,ACALA FISR,,,,
SCHEME,1,VICTOR_SCHEME,VICTOR_SCHEME,BURNETTA FISR,,,,
SCHEME,1,WOODVILLE_SCHEME,WOODVILLE_SCHEME,VOSSLER FISR,,,,
SCHEME,1,AQUEDUCT_SCHEME,AQUEDUCT_SCHEME,CISTERN FISR,,,,
SCHEME,1,WOODVILLE_SCHEME,WOODVILLE_SCHEME,FLORY FISR,,,,
SCHEME,1,LUCERNE_SCHEME,LUCERNE_SCHEME,SKY HI FISR,,,,
SCHEME,1,RIO HONDO_SCHEME,RIO HONDO_SCHEME,DANUBE FISR,,,,
SCHEME,1,PORTERVILLE_SCHEME,PORTERVILLE_SCHEME,CLAMPETT FISR,,,,
SCHEME,1,WOODVILLE_SCHEME,WOODVILLE_SCHEME,PRATT FISR,,,,
SCHEME,1,ALHAMBRA_SCHEME,ALHAMBRA_SCHEME,GRAVES FISR,,,,
SCHEME,1,RANCHO_SCHEME,RANCHO_SCHEME,YUCCA LOMA FISR,,,,
SCHEME,1,AQUEDUCT_SCHEME,AQUEDUCT_SCHEME,PENSTOCK FISR,,,,
SCHEME,1,RIO HONDO_SCHEME,RIO HONDO_SCHEME,EUPHRATES FISR,,,,
SCHEME,1,PIXLEY_SCHEME,PIXLEY_SCHEME,DRAKE FISR,,,,
SCHEME,1,TERRA BELLA_SCHEME,TERRA BELLA_SCHEME,DEER FISR,,,,
SCHEME,1,SAVAGE_SCHEME,SAVAGE_SCHEME,PRAYER FISR,,,,
SCHEME,1,APPLE VALLEY_SCHEME,APPLE VALLEY_SCHEME,SPEAR FISR,,,,
SCHEME,1,REPETTO_SCHEME,REPETTO_SCHEME,LATIN FISR,,,,
SCHEME,1,CITRUS_SCHEME,CITRUS_SCHEME,APPLE FISR,,,,
SCHEME,1,WOODVILLE_SCHEME,WOODVILLE_SCHEME,NOAKES FISR,,,,
SCHEME,1,EARLIMART_SCHEME,EARLIMART_SCHEME,DORAN FISR,,,,
SCHEME,1,ALHAMBRA_SCHEME,ALHAMBRA_SCHEME,TRIUMPH FISR,,,,
SCHEME,1,ALHAMBRA_SCHEME,ALHAMBRA_SCHEME,WOODWARD FISR,,,,
SCHEME,1,SAVAGE_SCHEME,SAVAGE_SCHEME,MAUNA LOA FISR,,,,
SCHEME,1,ALHAMBRA_SCHEME,ALHAMBRA_SCHEME,ALMANSOR FISR,,,,
SCHEME,1,APPLE VALLEY_SCHEME,APPLE VALLEY_SCHEME,KIOWA FISR,,,,
SCHEME,1,APPLE VALLEY_SCHEME,APPLE VALLEY_SCHEME,JESS FISR,,,,
SCHEME,1,QUINN_SCHEME,QUINN_SCHEME,CARVER FISR,,,,
SCHEME,1,TELEGRAPH_SCHEME,TELEGRAPH_SCHEME,GAMMA FISR,,,,
SCHEME,1,REPETTO_SCHEME,REPETTO_SCHEME,KENBO FISR,,,,
SCHEME,1,NARROWS_SCHEME,NARROWS_SCHEME,CORNWALL FISR,,,,
SCHEME,1,LINDSAY_SCHEME,LINDSAY_SCHEME,MCDERMONT FISR,,,,
SCHEME,1,ROSEMEAD_SCHEME,ROSEMEAD_SCHEME,GERONA FISR,,,,
SCHEME,1,VICTOR_SCHEME,VICTOR_SCHEME,CEMENT FISR,,,,
SCHEME,1,QUINN_SCHEME,QUINN_SCHEME,MIDGE FISR,,,,
SCHEME,1,RANCHO_SCHEME,RANCHO_SCHEME,KNOLLS FISR,,,,
SCHEME,1,NARROWS_SCHEME,NARROWS_SCHEME,BALLARD FISR,,,,
SCHEME,1,HESPERIA_SCHEME,HESPERIA_SCHEME,FARGO FISR,,,,
SCHEME,1,CITRUS_SCHEME,CITRUS_SCHEME,MANDARIN FISR,,,,
SCHEME,1,APPLE VALLEY_SCHEME,APPLE VALLEY_SCHEME,CHOICEANNA FISR,,,,
SCHEME,1,APPLE VALLEY_SCHEME,APPLE VALLEY_SCHEME,FAIRBURN FISR,,,,
SCHEME,1,CITRUS_SCHEME,CITRUS_SCHEME,GRAPEFRUIT FISR,,,,
SCHEME,1,SAVAGE_SCHEME,SAVAGE_SCHEME,DONERT FISR,,,,
SCHEME,1,RIO HONDO_SCHEME,RIO HONDO_SCHEME,PIT FISR,,,,
SCHEME,1,CITRUS_SCHEME,CITRUS_SCHEME,SUNKIST FISR,,,,
SCHEME,1,QUINN_SCHEME,QUINN_SCHEME,KYTE FISR,,,,
SCHEME,1,PIXLEY_SCHEME,PIXLEY_SCHEME,HOBSON FISR,,,,
SCHEME,1,NARROWS_SCHEME,NARROWS_SCHEME,YORKTOWN FISR,,,,
SCHEME,1,DOWNS_SCHEME,DOWNS_SCHEME,SHANGRILA FISR,,,,
SCHEME,1,SAVAGE_SCHEME,SAVAGE_SCHEME,TALPA FISR,,,,
SCHEME,1,APPLE VALLEY_SCHEME,APPLE VALLEY_SCHEME,TUSSING FISR,,,,
SCHEME,1,WOODVILLE_SCHEME,WOODVILLE_SCHEME,MONROE FISR,,,,
SCHEME,1,PORTERVILLE_SCHEME,PORTERVILLE_SCHEME,CAMPBELL FISR,,,,
SCHEME,1,NARROWS_SCHEME,NARROWS_SCHEME,ESCAMILLA FISR,,,,
SCHEME,1,TERRA BELLA_SCHEME,TERRA BELLA_SCHEME,ZION FISR,,,,
SCHEME,1,CITRUS_SCHEME,CITRUS_SCHEME,LEMONADE FISR,,,,
SCHEME,1,REPETTO_SCHEME,REPETTO_SCHEME,LIBRA FISR,,,,
SCHEME,1,SAVAGE_SCHEME,SAVAGE_SCHEME,BOISE FISR,,,,
SCHEME,1,RANCHO_SCHEME,RANCHO_SCHEME,MARIANNA FISR,,,,
SCHEME,1,LUCERNE_SCHEME,LUCERNE_SCHEME,RABBIT FISR,,,,
SCHEME,1,VICTOR_SCHEME,VICTOR_SCHEME,KOALA FISR,,,,
SCHEME,1,LUCERNE_SCHEME,LUCERNE_SCHEME,TIMCO FISR,,,,
SCHEME,1,CITRUS_SCHEME,CITRUS_SCHEME,SPANADA FISR,,,,
SCHEME,1,NARROWS_SCHEME,NARROWS_SCHEME,STUTZ FISR,,,,
SCHEME,1,DOWNS_SCHEME,DOWNS_SCHEME,DEETER FISR,,,,
SCHEME,1,VICTOR_SCHEME,VICTOR_SCHEME,BEELINE FISR,,,,
SCHEME,1,NARROWS_SCHEME,NARROWS_SCHEME,CADILLAC FISR,,,,
SCHEME,1,LINDSAY_SCHEME,LINDSAY_SCHEME,ROUND VALLEY FISR,,,,
SCHEME,1,ROSEMEAD_SCHEME,ROSEMEAD_SCHEME,BILTON FISR,,,,
SCHEME,1,PIXLEY_SCHEME,PIXLEY_SCHEME,BUDD FISR,,,,
SCHEME,1,EARLIMART_SCHEME,EARLIMART_SCHEME,LOGAN FISR,,,,
SCHEME,1,REPETTO_SCHEME,REPETTO_SCHEME,GLEASON FISR,,,,
SCHEME,1,POPLAR_SCHEME,POPLAR_SCHEME,HOUSTON FISR,,,,
SCHEME,1,RIO HONDO_SCHEME,RIO HONDO_SCHEME,RHINE FISR,,,,
SCHEME,1,REPETTO_SCHEME,REPETTO_SCHEME,BLANCHARD FISR,,,,
SCHEME,1,TIPTON_SCHEME,TIPTON_SCHEME,QUAIL FISR,,,,
SCHEME,1,RIO HONDO_SCHEME,RIO HONDO_SCHEME,SPILLWAY FISR,,,,
SCHEME,1,VICTOR_SCHEME,VICTOR_SCHEME,SUNNY VISTA FISR,,,,
SCHEME,1,APPLE VALLEY_SCHEME,APPLE VALLEY_SCHEME,COCHISE FISR,,,,
SCHEME,1,AQUEDUCT_SCHEME,AQUEDUCT_SCHEME,NEEDLE FISR,,,,
SCHEME,1,AQUEDUCT_SCHEME,AQUEDUCT_SCHEME,FLOODGATE FISR,,,,
SCHEME,1,VICTOR_SCHEME,VICTOR_SCHEME,BRUCITE FISR,,,,
SCHEME,1,PIXLEY_SCHEME,PIXLEY_SCHEME,BLINKER FISR,,,,
SCHEME,1,VICTOR_SCHEME,VICTOR_SCHEME,MANZER FISR,,,,
SCHEME,1,AQUEDUCT_SCHEME,AQUEDUCT_SCHEME,TURNOUT FISR,,,,
SCHEME,1,ROSEMEAD_SCHEME,ROSEMEAD_SCHEME,GLADYS FISR,,,,
SCHEME,1,ALHAMBRA_SCHEME,ALHAMBRA_SCHEME,TRI CITY FISR,,,,
SCHEME,1,ROSEMEAD_SCHEME,ROSEMEAD_SCHEME,SEGOVIA FISR,,,,
SCHEME,1,LINDSAY_SCHEME,LINDSAY_SCHEME,ROSEDALE FISR,,,,
SCHEME,1,VICTOR_SCHEME,VICTOR_SCHEME,MAGUA FISR,,,,
SCHEME,1,ALHAMBRA_SCHEME,ALHAMBRA_SCHEME,BRAUN FISR,,,,
SCHEME,1,TIPTON_SCHEME,TIPTON_SCHEME,EDENDALE FISR,,,,
SCHEME,1,TERRA BELLA_SCHEME,TERRA BELLA_SCHEME,DUCOR FISR,,,,
SCHEME,1,VICTOR_SCHEME,VICTOR_SCHEME,RUSS BOYD FISR,,,,
SCHEME,1,REPETTO_SCHEME,REPETTO_SCHEME,ESTATES FISR,,,,
SCHEME,1,PORTERVILLE_SCHEME,PORTERVILLE_SCHEME,VANDALIA FISR,,,,
SCHEME,1,ALHAMBRA_SCHEME,ALHAMBRA_SCHEME,MARGUERITA FISR,,,,
SCHEME,1,DOWNS_SCHEME,DOWNS_SCHEME,ROCKET TOWN FISR,,,,
SCHEME,1,ROSEMEAD_SCHEME,ROSEMEAD_SCHEME,OLNEY FISR,,,,
SCHEME,1,HESPERIA_SCHEME,HESPERIA_SCHEME,HERCULES FISR,,,,
SCHEME,1,ALHAMBRA_SCHEME,ALHAMBRA_SCHEME,MARENGO FISR,,,,
SCHEME,1,CITRUS_SCHEME,CITRUS_SCHEME,TANGERINE FISR,,,,
SCHEME,1,CITRUS_SCHEME,CITRUS_SCHEME,BANANA FISR,,,,
SCHEME,1,EARLIMART_SCHEME,EARLIMART_SCHEME,ALILA FISR,,,,
SCHEME,1,BLISS_SCHEME,BLISS_SCHEME,SERENITY FISR,,,,
SCHEME,1,HESPERIA_SCHEME,HESPERIA_SCHEME,SEAFORTH FISR,,,,
SCHEME,1,ALHAMBRA_SCHEME,ALHAMBRA_SCHEME,ST. CHARLES FISR,,,,
SCHEME,1,WOODVILLE_SCHEME,WOODVILLE_SCHEME,SAUCELITO FISR,,,,
SCHEME,1,RANCHO_SCHEME,RANCHO_SCHEME,SYMERON FISR,,,,
SCHEME,1,NARROWS_SCHEME,NARROWS_SCHEME,TORPEDO FISR,,,,
SCHEME,1,APPLE VALLEY_SCHEME,APPLE VALLEY_SCHEME,TONTO FISR,,,,
SCHEME,1,AQUEDUCT_SCHEME,AQUEDUCT_SCHEME,GOLDPAN FISR,,,,
SCHEME,1,PORTERVILLE_SCHEME,PORTERVILLE_SCHEME,HATFIELD FISR,,,,
SCHEME,1,ROSEMEAD_SCHEME,ROSEMEAD_SCHEME,TELSTAR FISR,,,,
SCHEME,1,POPLAR_SCHEME,POPLAR_SCHEME,COTTON FISR,,,,
SCHEME,1,AQUEDUCT_SCHEME,AQUEDUCT_SCHEME,TURBINE FISR,,,,
SCHEME,1,ALHAMBRA_SCHEME,ALHAMBRA_SCHEME,TEST FISR,,,,
SCHEME,1,EARLIMART_SCHEME,EARLIMART_SCHEME,MARSH FISR,,,,
SCHEME,1,RANCHO_SCHEME,RANCHO_SCHEME,STANDING ROCK FISR,,,,
SCHEME,1,DOWNS_SCHEME,DOWNS_SCHEME,CRUMVILLE FISR,,,,
SCHEME,1,REPETTO_SCHEME,REPETTO_SCHEME,HAMMELL FISR,,,,
SCHEME,1,BLISS_SCHEME,BLISS_SCHEME,HARMONY FISR,,,,
SCHEME,1,HESPERIA_SCHEME,HESPERIA_SCHEME,BUCKTHORN FISR,,,,
SCHEME,1,BLISS_SCHEME,BLISS_SCHEME,GREEN FISR,,,,
SCHEME,1,ALHAMBRA_SCHEME,ALHAMBRA_SCHEME,DOLGEVILLE FISR,,,,
SCHEME,1,ALHAMBRA_SCHEME,ALHAMBRA_SCHEME,TAKNING FISR,,,,
SCHEME,1,NARROWS_SCHEME,NARROWS_SCHEME,BRONCO FISR,,,,
SCHEME,1,VICTOR_SCHEME,VICTOR_SCHEME,EAGLE RANCH FISR,,,,
SCHEME,1,SAVAGE_SCHEME,SAVAGE_SCHEME,MINGO FISR,,,,
SCHEME,1,SAVAGE_SCHEME,SAVAGE_SCHEME,WING FISR,,,,
SCHEME,1,RIO HONDO_SCHEME,RIO HONDO_SCHEME,OTTOWA FISR,,,,
SCHEME,1,VICTOR_SCHEME,VICTOR_SCHEME,ASTOR FISR,,,,
SCHEME,1,TELEGRAPH_SCHEME,TELEGRAPH_SCHEME,BETA FISR,,,,
SCHEME,1,PORTERVILLE_SCHEME,PORTERVILLE_SCHEME,OLIVE FISR,,,,
SCHEME,1,PORTERVILLE_SCHEME,PORTERVILLE_SCHEME,MONACHE FISR,,,,
SCHEME,1,HESPERIA_SCHEME,HESPERIA_SCHEME,MESQUITE FISR,,,,
SCHEME,1,TIPTON_SCHEME,TIPTON_SCHEME,SURPRISE FISR,,,,
SCHEME,1,PORTERVILLE_SCHEME,PORTERVILLE_SCHEME,GRANITE FISR,,,,
SCHEME,1,ALHAMBRA_SCHEME,ALHAMBRA_SCHEME,ASTEROID FISR,,,,
SCHEME,1,REPETTO_SCHEME,REPETTO_SCHEME,FLORAL FISR,,,,
SCHEME,1,CITRUS_SCHEME,CITRUS_SCHEME,PEAR FISR,,,,
SCHEME,1,POPLAR_SCHEME,POPLAR_SCHEME,SUNSET FISR,,,,
SCHEME,1,ALHAMBRA_SCHEME,ALHAMBRA_SCHEME,KAY FISR,,,,
SCHEME,1,TIPTON_SCHEME,TIPTON_SCHEME,CALLISON FISR,,,,
SCHEME,1,REPETTO_SCHEME,REPETTO_SCHEME,MOONBEAM FISR,,,,
SCHEME,1,APPLE VALLEY_SCHEME,APPLE VALLEY_SCHEME,DEEP CREEK FISR,,,,
SCHEME,1,TELEGRAPH_SCHEME,TELEGRAPH_SCHEME,ALPHA FISR,,,,
SCHEME,1,SAVAGE_SCHEME,SAVAGE_SCHEME,BURWOOD FISR,,,,
SCHEME,1,ROSEMEAD_SCHEME,ROSEMEAD_SCHEME,WHITMORE FISR,,,,
SCHEME,1,VICTOR_SCHEME,VICTOR_SCHEME,ZUNI FISR,,,,
SCHEME,1,LINDSAY_SCHEME,LINDSAY_SCHEME,LEWIS FISR,,,,
SCHEME,1,RIO HONDO_SCHEME,RIO HONDO_SCHEME,AMAZON FISR,,,,
SCHEME,1,TERRA BELLA_SCHEME,TERRA BELLA_SCHEME,SKINKLE FISR,,,,
SCHEME,1,RIO HONDO_SCHEME,RIO HONDO_SCHEME,NILE FISR,,,,
SCHEME,1,HESPERIA_SCHEME,HESPERIA_SCHEME,KERN FISR,,,,
SCHEME,1,DOWNS_SCHEME,DOWNS_SCHEME,JACK RANCH FISR,,,,
SCHEME,1,TIPTON_SCHEME,TIPTON_SCHEME,MACOMBER FISR,,,,
SCHEME,1,DOWNS_SCHEME,DOWNS_SCHEME,GREGORY FISR,,,,
SCHEME,1,ALHAMBRA_SCHEME,ALHAMBRA_SCHEME,BRUNNER FISR,,,,
SCHEME,1,AQUEDUCT_SCHEME,AQUEDUCT_SCHEME,FLUE FISR,,,,
SCHEME,1,NARROWS_SCHEME,NARROWS_SCHEME,CORVETTE FISR,,,,
SCHEME,1,PORTERVILLE_SCHEME,PORTERVILLE_SCHEME,HENDERSON FISR,,,,
SCHEME,1,VICTOR_SCHEME,VICTOR_SCHEME,NASSAU FISR,,,,
SCHEME,1,PORTERVILLE_SCHEME,PORTERVILLE_SCHEME,JOSTEN FISR,,,,
SCHEME,1,PORTERVILLE_SCHEME,PORTERVILLE_SCHEME,BEATTIE FISR,,,,
SCHEME,1,BLISS_SCHEME,BLISS_SCHEME,HACK FISR,,,,
SCHEME,1,POPLAR_SCHEME,POPLAR_SCHEME,CLOER FISR,,,,
SCHEME,1,RANCHO_SCHEME,RANCHO_SCHEME,LAKOTA FISR,,,,
SCHEME,1,VICTOR_SCHEME,VICTOR_SCHEME,EL MIRAGE FISR,,,,
SCHEME,1,HESPERIA_SCHEME,HESPERIA_SCHEME,SULTANA FISR,,,,
SCHEME,1,PORTERVILLE_SCHEME,PORTERVILLE_SCHEME,FRAME FISR,,,,
SCHEME,1,REPETTO_SCHEME,REPETTO_SCHEME,SOLEDAD FISR,,,,
SCHEME,1,RIO HONDO_SCHEME,RIO HONDO_SCHEME,THAMES FISR,,,,
SCHEME,1,REPETTO_SCHEME,REPETTO_SCHEME,DOZIER FISR,,,,
SCHEME,1,REPETTO_SCHEME,REPETTO_SCHEME,PAT FISR,,,,
SCHEME,1,CITRUS_SCHEME,CITRUS_SCHEME,BLUEBERRY FISR,,,,
SCHEME,1,SAVAGE_SCHEME,SAVAGE_SCHEME,SPRING VALLEY FISR,,,,
SCHEME,1,VICTOR_SCHEME,VICTOR_SCHEME,ADELANTO FISR,,,,
SCHEME,1,PORTERVILLE_SCHEME,PORTERVILLE_SCHEME,SUCCESS FISR,,,,
SCHEME,1,APPLE VALLEY_SCHEME,APPLE VALLEY_SCHEME,DELORO FISR,,,,
SCHEME,1,AQUEDUCT_SCHEME,AQUEDUCT_SCHEME,TUNNEL FISR,,,,
SCHEME,1,ALHAMBRA_SCHEME,ALHAMBRA_SCHEME,CRESTA FISR,,,,
SCHEME,1,ALHAMBRA_SCHEME,ALHAMBRA_SCHEME,COMMONWEALTH FISR,,,,
SCHEME,1,PORTERVILLE_SCHEME,PORTERVILLE_SCHEME,PLANO FISR,,,,
SCHEME,1,LINDSAY_SCHEME,LINDSAY_SCHEME,CAIRNS FISR,,,,
SCHEME,1,RIO HONDO_SCHEME,RIO HONDO_SCHEME,DUSTY FISR,,,,
SCHEME,1,POPLAR_SCHEME,POPLAR_SCHEME,MERRIT FISR,,,,
SCHEME,1,VICTOR_SCHEME,VICTOR_SCHEME,OLANCHA FISR,,,,
,,,,,,,,
TEAM,0,ID_TEAM,SCHEME_TEAM,NAME_TEAM,DESCRIPTION_TEAM,,,
TEAM,1,TIGRIS_TEAM,RIO HONDO_SCHEME,TIGRIS FISR,TIGRIS FISR,,,
TEAM,1,PINEAPPLE_TEAM,CITRUS_SCHEME,PINEAPPLE FISR,PINEAPPLE FISR,,,
TEAM,1,POWDER_TEAM,RIO HONDO_SCHEME,POWDER FISR,POWDER FISR,,,
TEAM,1,WORTH_TEAM,PORTERVILLE_SCHEME,WORTH FISR,WORTH FISR,,,
TEAM,1,PYRAMID_TEAM,SAVAGE_SCHEME,PYRAMID FISR,PYRAMID FISR,,,
TEAM,1,LORENE_TEAM,SAVAGE_SCHEME,LORENE FISR,LORENE FISR,,,
TEAM,1,ABBEY_TEAM,BLISS_SCHEME,ABBEY FISR,ABBEY FISR,,,
TEAM,1,JULEP_TEAM,NARROWS_SCHEME,JULEP FISR,JULEP FISR,,,
TEAM,1,ASTON_TEAM,NARROWS_SCHEME,ASTON FISR,ASTON FISR,,,
TEAM,1,FRONTAGE_TEAM,SAVAGE_SCHEME,FRONTAGE FISR,FRONTAGE FISR,,,
TEAM,1,KUMQUAT_TEAM,CITRUS_SCHEME,KUMQUAT FISR,KUMQUAT FISR,,,
TEAM,1,HOOVER_TEAM,ALHAMBRA_SCHEME,HOOVER FISR,HOOVER FISR,,,
TEAM,1,TEAPOT_TEAM,PORTERVILLE_SCHEME,TEAPOT FISR,TEAPOT FISR,,,
TEAM,1,BURTON_TEAM,PORTERVILLE_SCHEME,BURTON FISR,BURTON FISR,,,
TEAM,1,BURR_TEAM,LINDSAY_SCHEME,BURR FISR,BURR FISR,,,
TEAM,1,ZASADNI_TEAM,VICTOR_SCHEME,ZASADNI FISR,ZASADNI FISR,,,
TEAM,1,WASH_TEAM,RIO HONDO_SCHEME,WASH FISR,WASH FISR,,,
TEAM,1,STURGEON_TEAM,BLISS_SCHEME,STURGEON FISR,STURGEON FISR,,,
TEAM,1,COOPER_TEAM,TIPTON_SCHEME,COOPER FISR,COOPER FISR,,,
TEAM,1,SLUICE_TEAM,AQUEDUCT_SCHEME,SLUICE FISR,SLUICE FISR,,,
TEAM,1,CLAYTON_TEAM,ROSEMEAD_SCHEME,CLAYTON FISR,CLAYTON FISR,,,
TEAM,1,JASMINE_TEAM,QUINN_SCHEME,JASMINE FISR,JASMINE FISR,,,
TEAM,1,COALINGA_TEAM,VICTOR_SCHEME,COALINGA FISR,COALINGA FISR,,,
TEAM,1,DRAG_TEAM,PORTERVILLE_SCHEME,DRAG FISR,DRAG FISR,,,
TEAM,1,PAHUTE_TEAM,APPLE VALLEY_SCHEME,PAHUTE FISR,PAHUTE FISR,,,
TEAM,1,PECOS_TEAM,RIO HONDO_SCHEME,PECOS FISR,PECOS FISR,,,
TEAM,1,WESTON_TEAM,EARLIMART_SCHEME,WESTON FISR,WESTON FISR,,,
TEAM,1,HONOR_TEAM,ROSEMEAD_SCHEME,HONOR FISR,HONOR FISR,,,
TEAM,1,HATCHERY_TEAM,SAVAGE_SCHEME,HATCHERY FISR,HATCHERY FISR,,,
TEAM,1,GOSS_TEAM,VICTOR_SCHEME,GOSS FISR,GOSS FISR,,,
TEAM,1,BOOSTER_TEAM,LINDSAY_SCHEME,BOOSTER FISR,BOOSTER FISR,,,
TEAM,1,MIRROR_TEAM,SAVAGE_SCHEME,MIRROR FISR,MIRROR FISR,,,
TEAM,1,BALSAM_TEAM,HESPERIA_SCHEME,BALSAM FISR,BALSAM FISR,,,
TEAM,1,LATIMER_TEAM,VICTOR_SCHEME,LATIMER FISR,LATIMER FISR,,,
TEAM,1,WATERWAY_TEAM,AQUEDUCT_SCHEME,WATERWAY FISR,WATERWAY FISR,,,
TEAM,1,PORTLAND_TEAM,VICTOR_SCHEME,PORTLAND FISR,PORTLAND FISR,,,
TEAM,1,OLD TRAILS_TEAM,VICTOR_SCHEME,OLD TRAILS FISR,OLD TRAILS FISR,,,
TEAM,1,OUTPOST_TEAM,VICTOR_SCHEME,OUTPOST FISR,OUTPOST FISR,,,
TEAM,1,BOWMAN_TEAM,DOWNS_SCHEME,BOWMAN FISR,BOWMAN FISR,,,
TEAM,1,ACALA_TEAM,PIXLEY_SCHEME,ACALA FISR,ACALA FISR,,,
TEAM,1,BURNETTA_TEAM,VICTOR_SCHEME,BURNETTA FISR,BURNETTA FISR,,,
TEAM,1,VOSSLER_TEAM,WOODVILLE_SCHEME,VOSSLER FISR,VOSSLER FISR,,,
TEAM,1,CISTERN_TEAM,AQUEDUCT_SCHEME,CISTERN FISR,CISTERN FISR,,,
TEAM,1,FLORY_TEAM,WOODVILLE_SCHEME,FLORY FISR,FLORY FISR,,,
TEAM,1,SKY HI_TEAM,LUCERNE_SCHEME,SKY HI FISR,SKY HI FISR,,,
TEAM,1,DANUBE_TEAM,RIO HONDO_SCHEME,DANUBE FISR,DANUBE FISR,,,
TEAM,1,CLAMPETT_TEAM,PORTERVILLE_SCHEME,CLAMPETT FISR,CLAMPETT FISR,,,
TEAM,1,PRATT_TEAM,WOODVILLE_SCHEME,PRATT FISR,PRATT FISR,,,
TEAM,1,GRAVES_TEAM,ALHAMBRA_SCHEME,GRAVES FISR,GRAVES FISR,,,
TEAM,1,YUCCA LOMA_TEAM,RANCHO_SCHEME,YUCCA LOMA FISR,YUCCA LOMA FISR,,,
TEAM,1,PENSTOCK_TEAM,AQUEDUCT_SCHEME,PENSTOCK FISR,PENSTOCK FISR,,,
TEAM,1,EUPHRATES_TEAM,RIO HONDO_SCHEME,EUPHRATES FISR,EUPHRATES FISR,,,
TEAM,1,DRAKE_TEAM,PIXLEY_SCHEME,DRAKE FISR,DRAKE FISR,,,
TEAM,1,DEER_TEAM,TERRA BELLA_SCHEME,DEER FISR,DEER FISR,,,
TEAM,1,PRAYER_TEAM,SAVAGE_SCHEME,PRAYER FISR,PRAYER FISR,,,
TEAM,1,SPEAR_TEAM,APPLE VALLEY_SCHEME,SPEAR FISR,SPEAR FISR,,,
TEAM,1,LATIN_TEAM,REPETTO_SCHEME,LATIN FISR,LATIN FISR,,,
TEAM,1,APPLE_TEAM,CITRUS_SCHEME,APPLE FISR,APPLE FISR,,,
TEAM,1,NOAKES_TEAM,WOODVILLE_SCHEME,NOAKES FISR,NOAKES FISR,,,
TEAM,1,DORAN_TEAM,EARLIMART_SCHEME,DORAN FISR,DORAN FISR,,,
TEAM,1,TRIUMPH_TEAM,ALHAMBRA_SCHEME,TRIUMPH FISR,TRIUMPH FISR,,,
TEAM,1,WOODWARD_TEAM,ALHAMBRA_SCHEME,WOODWARD FISR,WOODWARD FISR,,,
TEAM,1,MAUNA LOA_TEAM,SAVAGE_SCHEME,MAUNA LOA FISR,MAUNA LOA FISR,,,
TEAM,1,ALMANSOR_TEAM,ALHAMBRA_SCHEME,ALMANSOR FISR,ALMANSOR FISR,,,
TEAM,1,KIOWA_TEAM,APPLE VALLEY_SCHEME,KIOWA FISR,KIOWA FISR,,,
TEAM,1,JESS_TEAM,APPLE VALLEY_SCHEME,JESS FISR,JESS FISR,,,
TEAM,1,CARVER_TEAM,QUINN_SCHEME,CARVER FISR,CARVER FISR,,,
TEAM,1,GAMMA_TEAM,TELEGRAPH_SCHEME,GAMMA FISR,GAMMA FISR,,,
TEAM,1,KENBO_TEAM,REPETTO_SCHEME,KENBO FISR,KENBO FISR,,,
TEAM,1,CORNWALL_TEAM,NARROWS_SCHEME,CORNWALL FISR,CORNWALL FISR,,,
TEAM,1,MCDERMONT_TEAM,LINDSAY_SCHEME,MCDERMONT FISR,MCDERMONT FISR,,,
TEAM,1,GERONA_TEAM,ROSEMEAD_SCHEME,GERONA FISR,GERONA FISR,,,
TEAM,1,CEMENT_TEAM,VICTOR_SCHEME,CEMENT FISR,CEMENT FISR,,,
TEAM,1,MIDGE_TEAM,QUINN_SCHEME,MIDGE FISR,MIDGE FISR,,,
TEAM,1,KNOLLS_TEAM,RANCHO_SCHEME,KNOLLS FISR,KNOLLS FISR,,,
TEAM,1,BALLARD_TEAM,NARROWS_SCHEME,BALLARD FISR,BALLARD FISR,,,
TEAM,1,FARGO_TEAM,HESPERIA_SCHEME,FARGO FISR,FARGO FISR,,,
TEAM,1,MANDARIN_TEAM,CITRUS_SCHEME,MANDARIN FISR,MANDARIN FISR,,,
TEAM,1,CHOICEANNA_TEAM,APPLE VALLEY_SCHEME,CHOICEANNA FISR,CHOICEANNA FISR,,,
TEAM,1,FAIRBURN_TEAM,APPLE VALLEY_SCHEME,FAIRBURN FISR,FAIRBURN FISR,,,
TEAM,1,GRAPEFRUIT_TEAM,CITRUS_SCHEME,GRAPEFRUIT FISR,GRAPEFRUIT FISR,,,
TEAM,1,DONERT_TEAM,SAVAGE_SCHEME,DONERT FISR,DONERT FISR,,,
TEAM,1,PIT_TEAM,RIO HONDO_SCHEME,PIT FISR,PIT FISR,,,
TEAM,1,SUNKIST_TEAM,CITRUS_SCHEME,SUNKIST FISR,SUNKIST FISR,,,
TEAM,1,KYTE_TEAM,QUINN_SCHEME,KYTE FISR,KYTE FISR,,,
TEAM,1,HOBSON_TEAM,PIXLEY_SCHEME,HOBSON FISR,HOBSON FISR,,,
TEAM,1,YORKTOWN_TEAM,NARROWS_SCHEME,YORKTOWN FISR,YORKTOWN FISR,,,
TEAM,1,SHANGRILA_TEAM,DOWNS_SCHEME,SHANGRILA FISR,SHANGRILA FISR,,,
TEAM,1,TALPA_TEAM,SAVAGE_SCHEME,TALPA FISR,TALPA FISR,,,
TEAM,1,TUSSING_TEAM,APPLE VALLEY_SCHEME,TUSSING FISR,TUSSING FISR,,,
TEAM,1,MONROE_TEAM,WOODVILLE_SCHEME,MONROE FISR,MONROE FISR,,,
TEAM,1,CAMPBELL_TEAM,PORTERVILLE_SCHEME,CAMPBELL FISR,CAMPBELL FISR,,,
TEAM,1,ESCAMILLA_TEAM,NARROWS_SCHEME,ESCAMILLA FISR,ESCAMILLA FISR,,,
TEAM,1,ZION_TEAM,TERRA BELLA_SCHEME,ZION FISR,ZION FISR,,,
TEAM,1,LEMONADE_TEAM,CITRUS_SCHEME,LEMONADE FISR,LEMONADE FISR,,,
TEAM,1,LIBRA_TEAM,REPETTO_SCHEME,LIBRA FISR,LIBRA FISR,,,
TEAM,1,BOISE_TEAM,SAVAGE_SCHEME,BOISE FISR,BOISE FISR,,,
TEAM,1,MARIANNA_TEAM,RANCHO_SCHEME,MARIANNA FISR,MARIANNA FISR,,,
TEAM,1,RABBIT_TEAM,LUCERNE_SCHEME,RABBIT FISR,RABBIT FISR,,,
TEAM,1,KOALA_TEAM,VICTOR_SCHEME,KOALA FISR,KOALA FISR,,,
TEAM,1,TIMCO_TEAM,LUCERNE_SCHEME,TIMCO FISR,TIMCO FISR,,,
TEAM,1,SPANADA_TEAM,CITRUS_SCHEME,SPANADA FISR,SPANADA FISR,,,
TEAM,1,STUTZ_TEAM,NARROWS_SCHEME,STUTZ FISR,STUTZ FISR,,,
TEAM,1,DEETER_TEAM,DOWNS_SCHEME,DEETER FISR,DEETER FISR,,,
TEAM,1,BEELINE_TEAM,VICTOR_SCHEME,BEELINE FISR,BEELINE FISR,,,
TEAM,1,CADILLAC_TEAM,NARROWS_SCHEME,CADILLAC FISR,CADILLAC FISR,,,
TEAM,1,ROUND VALLEY_TEAM,LINDSAY_SCHEME,ROUND VALLEY FISR,ROUND VALLEY FISR,,,
TEAM,1,BILTON_TEAM,ROSEMEAD_SCHEME,BILTON FISR,BILTON FISR,,,
TEAM,1,BUDD_TEAM,PIXLEY_SCHEME,BUDD FISR,BUDD FISR,,,
TEAM,1,LOGAN_TEAM,EARLIMART_SCHEME,LOGAN FISR,LOGAN FISR,,,
TEAM,1,GLEASON_TEAM,REPETTO_SCHEME,GLEASON FISR,GLEASON FISR,,,
TEAM,1,HOUSTON_TEAM,POPLAR_SCHEME,HOUSTON FISR,HOUSTON FISR,,,
TEAM,1,RHINE_TEAM,RIO HONDO_SCHEME,RHINE FISR,RHINE FISR,,,
TEAM,1,BLANCHARD_TEAM,REPETTO_SCHEME,BLANCHARD FISR,BLANCHARD FISR,,,
TEAM,1,QUAIL_TEAM,TIPTON_SCHEME,QUAIL FISR,QUAIL FISR,,,
TEAM,1,SPILLWAY_TEAM,RIO HONDO_SCHEME,SPILLWAY FISR,SPILLWAY FISR,,,
TEAM,1,SUNNY VISTA_TEAM,VICTOR_SCHEME,SUNNY VISTA FISR,SUNNY VISTA FISR,,,
TEAM,1,COCHISE_TEAM,APPLE VALLEY_SCHEME,COCHISE FISR,COCHISE FISR,,,
TEAM,1,NEEDLE_TEAM,AQUEDUCT_SCHEME,NEEDLE FISR,NEEDLE FISR,,,
TEAM,1,FLOODGATE_TEAM,AQUEDUCT_SCHEME,FLOODGATE FISR,FLOODGATE FISR,,,
TEAM,1,BRUCITE_TEAM,VICTOR_SCHEME,BRUCITE FISR,BRUCITE FISR,,,
TEAM,1,BLINKER_TEAM,PIXLEY_SCHEME,BLINKER FISR,BLINKER FISR,,,
TEAM,1,MANZER_TEAM,VICTOR_SCHEME,MANZER FISR,MANZER FISR,,,
TEAM,1,TURNOUT_TEAM,AQUEDUCT_SCHEME,TURNOUT FISR,TURNOUT FISR,,,
TEAM,1,GLADYS_TEAM,ROSEMEAD_SCHEME,GLADYS FISR,GLADYS FISR,,,
TEAM,1,TRI CITY_TEAM,ALHAMBRA_SCHEME,TRI CITY FISR,TRI CITY FISR,,,
TEAM,1,SEGOVIA_TEAM,ROSEMEAD_SCHEME,SEGOVIA FISR,SEGOVIA FISR,,,
TEAM,1,ROSEDALE_TEAM,LINDSAY_SCHEME,ROSEDALE FISR,ROSEDALE FISR,,,
TEAM,1,MAGUA_TEAM,VICTOR_SCHEME,MAGUA FISR,MAGUA FISR,,,
TEAM,1,BRAUN_TEAM,ALHAMBRA_SCHEME,BRAUN FISR,BRAUN FISR,,,
TEAM,1,EDENDALE_TEAM,TIPTON_SCHEME,EDENDALE FISR,EDENDALE FISR,,,
TEAM,1,DUCOR_TEAM,TERRA BELLA_SCHEME,DUCOR FISR,DUCOR FISR,,,
TEAM,1,RUSS BOYD_TEAM,VICTOR_SCHEME,RUSS BOYD FISR,RUSS BOYD FISR,,,
TEAM,1,ESTATES_TEAM,REPETTO_SCHEME,ESTATES FISR,ESTATES FISR,,,
TEAM,1,VANDALIA_TEAM,PORTERVILLE_SCHEME,VANDALIA FISR,VANDALIA FISR,,,
TEAM,1,MARGUERITA_TEAM,ALHAMBRA_SCHEME,MARGUERITA FISR,MARGUERITA FISR,,,
TEAM,1,ROCKET TOWN_TEAM,DOWNS_SCHEME,ROCKET TOWN FISR,ROCKET TOWN FISR,,,
TEAM,1,OLNEY_TEAM,ROSEMEAD_SCHEME,OLNEY FISR,OLNEY FISR,,,
TEAM,1,HERCULES_TEAM,HESPERIA_SCHEME,HERCULES FISR,HERCULES FISR,,,
TEAM,1,MARENGO_TEAM,ALHAMBRA_SCHEME,MARENGO FISR,MARENGO FISR,,,
TEAM,1,TANGERINE_TEAM,CITRUS_SCHEME,TANGERINE FISR,TANGERINE FISR,,,
TEAM,1,BANANA_TEAM,CITRUS_SCHEME,BANANA FISR,BANANA FISR,,,
TEAM,1,ALILA_TEAM,EARLIMART_SCHEME,ALILA FISR,ALILA FISR,,,
TEAM,1,SERENITY_TEAM,BLISS_SCHEME,SERENITY FISR,SERENITY FISR,,,
TEAM,1,SEAFORTH_TEAM,HESPERIA_SCHEME,SEAFORTH FISR,SEAFORTH FISR,,,
TEAM,1,ST. CHARLES_TEAM,ALHAMBRA_SCHEME,ST. CHARLES FISR,ST. CHARLES FISR,,,
TEAM,1,SAUCELITO_TEAM,WOODVILLE_SCHEME,SAUCELITO FISR,SAUCELITO FISR,,,
TEAM,1,SYMERON_TEAM,RANCHO_SCHEME,SYMERON FISR,SYMERON FISR,,,
TEAM,1,TORPEDO_TEAM,NARROWS_SCHEME,TORPEDO FISR,TORPEDO FISR,,,
TEAM,1,TONTO_TEAM,APPLE VALLEY_SCHEME,TONTO FISR,TONTO FISR,,,
TEAM,1,GOLDPAN_TEAM,AQUEDUCT_SCHEME,GOLDPAN FISR,GOLDPAN FISR,,,
TEAM,1,HATFIELD_TEAM,PORTERVILLE_SCHEME,HATFIELD FISR,HATFIELD FISR,,,
TEAM,1,TELSTAR_TEAM,ROSEMEAD_SCHEME,TELSTAR FISR,TELSTAR FISR,,,
TEAM,1,COTTON_TEAM,POPLAR_SCHEME,COTTON FISR,COTTON FISR,,,
TEAM,1,TURBINE_TEAM,AQUEDUCT_SCHEME,TURBINE FISR,TURBINE FISR,,,
TEAM,1,TEST_TEAM,ALHAMBRA_SCHEME,TEST FISR,TEST FISR,,,
TEAM,1,MARSH_TEAM,EARLIMART_SCHEME,MARSH FISR,MARSH FISR,,,
TEAM,1,STANDING ROCK_TEAM,RANCHO_SCHEME,STANDING ROCK FISR,STANDING ROCK FISR,,,
TEAM,1,CRUMVILLE_TEAM,DOWNS_SCHEME,CRUMVILLE FISR,CRUMVILLE FISR,,,
TEAM,1,HAMMELL_TEAM,REPETTO_SCHEME,HAMMELL FISR,HAMMELL FISR,,,
TEAM,1,HARMONY_TEAM,BLISS_SCHEME,HARMONY FISR,HARMONY FISR,,,
TEAM,1,BUCKTHORN_TEAM,HESPERIA_SCHEME,BUCKTHORN FISR,BUCKTHORN FISR,,,
TEAM,1,GREEN_TEAM,BLISS_SCHEME,GREEN FISR,GREEN FISR,,,
TEAM,1,DOLGEVILLE_TEAM,ALHAMBRA_SCHEME,DOLGEVILLE FISR,DOLGEVILLE FISR,,,
TEAM,1,TAKNING_TEAM,ALHAMBRA_SCHEME,TAKNING FISR,TAKNING FISR,,,
TEAM,1,BRONCO_TEAM,NARROWS_SCHEME,BRONCO FISR,BRONCO FISR,,,
TEAM,1,EAGLE RANCH_TEAM,VICTOR_SCHEME,EAGLE RANCH FISR,EAGLE RANCH FISR,,,
TEAM,1,MINGO_TEAM,SAVAGE_SCHEME,MINGO FISR,MINGO FISR,,,
TEAM,1,WING_TEAM,SAVAGE_SCHEME,WING FISR,WING FISR,,,
TEAM,1,OTTOWA_TEAM,RIO HONDO_SCHEME,OTTOWA FISR,OTTOWA FISR,,,
TEAM,1,ASTOR_TEAM,VICTOR_SCHEME,ASTOR FISR,ASTOR FISR,,,
TEAM,1,BETA_TEAM,TELEGRAPH_SCHEME,BETA FISR,BETA FISR,,,
TEAM,1,OLIVE_TEAM,PORTERVILLE_SCHEME,OLIVE FISR,OLIVE FISR,,,
TEAM,1,MONACHE_TEAM,PORTERVILLE_SCHEME,MONACHE FISR,MONACHE FISR,,,
TEAM,1,MESQUITE_TEAM,HESPERIA_SCHEME,MESQUITE FISR,MESQUITE FISR,,,
TEAM,1,SURPRISE_TEAM,TIPTON_SCHEME,SURPRISE FISR,SURPRISE FISR,,,
TEAM,1,GRANITE_TEAM,PORTERVILLE_SCHEME,GRANITE FISR,GRANITE FISR,,,
TEAM,1,ASTEROID_TEAM,ALHAMBRA_SCHEME,ASTEROID FISR,ASTEROID FISR,,,
TEAM,1,FLORAL_TEAM,REPETTO_SCHEME,FLORAL FISR,FLORAL FISR,,,
TEAM,1,PEAR_TEAM,CITRUS_SCHEME,PEAR FISR,PEAR FISR,,,
TEAM,1,SUNSET_TEAM,POPLAR_SCHEME,SUNSET FISR,SUNSET FISR,,,
TEAM,1,KAY_TEAM,ALHAMBRA_SCHEME,KAY FISR,KAY FISR,,,
TEAM,1,CALLISON_TEAM,TIPTON_SCHEME,CALLISON FISR,CALLISON FISR,,,
TEAM,1,MOONBEAM_TEAM,REPETTO_SCHEME,MOONBEAM FISR,MOONBEAM FISR,,,
TEAM,1,DEEP CREEK_TEAM,APPLE VALLEY_SCHEME,DEEP CREEK FISR,DEEP CREEK FISR,,,
TEAM,1,ALPHA_TEAM,TELEGRAPH_SCHEME,ALPHA FISR,ALPHA FISR,,,
TEAM,1,BURWOOD_TEAM,SAVAGE_SCHEME,BURWOOD FISR,BURWOOD FISR,,,
TEAM,1,WHITMORE_TEAM,ROSEMEAD_SCHEME,WHITMORE FISR,WHITMORE FISR,,,
TEAM,1,ZUNI_TEAM,VICTOR_SCHEME,ZUNI FISR,ZUNI FISR,,,
TEAM,1,LEWIS_TEAM,LINDSAY_SCHEME,LEWIS FISR,LEWIS FISR,,,
TEAM,1,AMAZON_TEAM,RIO HONDO_SCHEME,AMAZON FISR,AMAZON FISR,,,
TEAM,1,SKINKLE_TEAM,TERRA BELLA_SCHEME,SKINKLE FISR,SKINKLE FISR,,,
TEAM,1,NILE_TEAM,RIO HONDO_SCHEME,NILE FISR,NILE FISR,,,
TEAM,1,KERN_TEAM,HESPERIA_SCHEME,KERN FISR,KERN FISR,,,
TEAM,1,JACK RANCH_TEAM,DOWNS_SCHEME,JACK RANCH FISR,JACK RANCH FISR,,,
TEAM,1,MACOMBER_TEAM,TIPTON_SCHEME,MACOMBER FISR,MACOMBER FISR,,,
TEAM,1,GREGORY_TEAM,DOWNS_SCHEME,GREGORY FISR,GREGORY FISR,,,
TEAM,1,BRUNNER_TEAM,ALHAMBRA_SCHEME,BRUNNER FISR,BRUNNER FISR,,,
TEAM,1,FLUE_TEAM,AQUEDUCT_SCHEME,FLUE FISR,FLUE FISR,,,
TEAM,1,CORVETTE_TEAM,NARROWS_SCHEME,CORVETTE FISR,CORVETTE FISR,,,
TEAM,1,HENDERSON_TEAM,PORTERVILLE_SCHEME,HENDERSON FISR,HENDERSON FISR,,,
TEAM,1,NASSAU_TEAM,VICTOR_SCHEME,NASSAU FISR,NASSAU FISR,,,
TEAM,1,JOSTEN_TEAM,PORTERVILLE_SCHEME,JOSTEN FISR,JOSTEN FISR,,,
TEAM,1,BEATTIE_TEAM,PORTERVILLE_SCHEME,BEATTIE FISR,BEATTIE FISR,,,
TEAM,1,HACK_TEAM,BLISS_SCHEME,HACK FISR,HACK FISR,,,
TEAM,1,CLOER_TEAM,POPLAR_SCHEME,CLOER FISR,CLOER FISR,,,
TEAM,1,LAKOTA_TEAM,RANCHO_SCHEME,LAKOTA FISR,LAKOTA FISR,,,
TEAM,1,EL MIRAGE_TEAM,VICTOR_SCHEME,EL MIRAGE FISR,EL MIRAGE FISR,,,
TEAM,1,SULTANA_TEAM,HESPERIA_SCHEME,SULTANA FISR,SULTANA FISR,,,
TEAM,1,FRAME_TEAM,PORTERVILLE_SCHEME,FRAME FISR,FRAME FISR,,,
TEAM,1,SOLEDAD_TEAM,REPETTO_SCHEME,SOLEDAD FISR,SOLEDAD FISR,,,
TEAM,1,THAMES_TEAM,RIO HONDO_SCHEME,THAMES FISR,THAMES FISR,,,
TEAM,1,DOZIER_TEAM,REPETTO_SCHEME,DOZIER FISR,DOZIER FISR,,,
TEAM,1,PAT_TEAM,REPETTO_SCHEME,PAT FISR,PAT FISR,,,
TEAM,1,BLUEBERRY_TEAM,CITRUS_SCHEME,BLUEBERRY FISR,BLUEBERRY FISR,,,
TEAM,1,SPRING VALLEY_TEAM,SAVAGE_SCHEME,SPRING VALLEY FISR,SPRING VALLEY FISR,,,
TEAM,1,ADELANTO_TEAM,VICTOR_SCHEME,ADELANTO FISR,ADELANTO FISR,,,
TEAM,1,SUCCESS_TEAM,PORTERVILLE_SCHEME,SUCCESS FISR,SUCCESS FISR,,,
TEAM,1,DELORO_TEAM,APPLE VALLEY_SCHEME,DELORO FISR,DELORO FISR,,,
TEAM,1,TUNNEL_TEAM,AQUEDUCT_SCHEME,TUNNEL FISR,TUNNEL FISR,,,
TEAM,1,CRESTA_TEAM,ALHAMBRA_SCHEME,CRESTA FISR,CRESTA FISR,,,
TEAM,1,COMMONWEALTH_TEAM,ALHAMBRA_SCHEME,COMMONWEALTH FISR,COMMONWEALTH FISR,,,
TEAM,1,PLANO_TEAM,PORTERVILLE_SCHEME,PLANO FISR,PLANO FISR,,,
TEAM,1,CAIRNS_TEAM,LINDSAY_SCHEME,CAIRNS FISR,CAIRNS FISR,,,
TEAM,1,DUSTY_TEAM,RIO HONDO_SCHEME,DUSTY FISR,DUSTY FISR,,,
TEAM,1,MERRIT_TEAM,POPLAR_SCHEME,MERRIT FISR,MERRIT FISR,,,
TEAM,1,OLANCHA_TEAM,VICTOR_SCHEME,OLANCHA FISR,OLANCHA FISR,,,
,,,,,,,,
TEAMSWITCH,0,ID_TEAMSW,TEAM_TEAMSW,NAME_TEAMSW,SECONDID_TEAMSW,STATION1_TEAMSW,STATION2_TEAMSW,ROLE_TEAMSW
